year,scenario,comparison,n,spearman,mae,rmse,mean_difference,top10_jaccard
2003,pveg_only,10m area-weighted to 20m versus direct 20m,74450,0.999999999976213,8.361803693901493e-09,2.189056402812639e-08,8.260758049827288e-11,1.0
2003,hybrid_rs075,10m area-weighted to 20m versus direct 20m,74450,0.9999999999762276,8.414867025408057e-09,2.1968945773664927e-08,7.027490395161706e-11,1.0
2003,hybrid_rs090,10m area-weighted to 20m versus direct 20m,74450,0.9999999999761331,8.438447274272676e-09,2.1998815213919443e-08,1.2442796792910826e-10,1.0
2003,hybrid_rs100_current,10m area-weighted to 20m versus direct 20m,74450,0.9999999999731451,8.40185698791629e-09,2.1951622741767096e-08,6.15683823368407e-11,1.0
2003,hybrid_gamma05,10m area-weighted to 20m versus direct 20m,74450,0.9999999999357634,8.813050733635919e-09,2.2314479153351385e-08,-2.1816340400881984e-11,1.0
2003,hybrid_gamma20,10m area-weighted to 20m versus direct 20m,74450,0.9999999999888843,8.013968155751172e-09,2.1476838085732197e-08,-1.9319634433911936e-11,1.0
2003,hybrid_binary_fraction,10m area-weighted to 20m versus direct 20m,74450,0.9999999498812382,2.1596176236204911e-10,3.3016531730822862e-09,2.1596176236204911e-10,1.0
2003,fractional_mixture_identity,10m area-weighted to 20m versus direct 20m,74450,0.9999999999696918,9.22527387814398e-09,2.323858439012838e-08,2.019485273452304e-10,1.0
2003,any_structure_cell_max,10m area-weighted to 20m versus direct 20m,74450,0.9826549900106669,0.0013197259977459908,0.02290300279855728,-0.0013197181979194283,0.6248772504091653
2003,structural_uplift,10m area-weighted to 20m versus direct 20m,74450,0.9999999999972496,1.583561060058969e-09,7.28720106479841e-09,-4.803598057517844e-12,1.0
2023,pveg_only,10m area-weighted to 20m versus direct 20m,76396,0.9999999999616079,6.893930759588329e-09,1.9717862898005478e-08,7.517753086716539e-11,0.9996074839722622
2023,hybrid_rs075,10m area-weighted to 20m versus direct 20m,76396,0.9999999999616013,6.968146504249262e-09,1.9839161424783924e-08,9.05890848446056e-11,0.9996074839722622
2023,hybrid_rs090,10m area-weighted to 20m versus direct 20m,76396,0.9999999999615743,7.023016834750706e-09,1.9917139937319916e-08,1.1939575716990447e-10,0.9996074839722622
2023,hybrid_rs100_current,10m area-weighted to 20m versus direct 20m,76396,0.9999999999611235,7.0191767953531325e-09,1.991715592453147e-08,1.196273913262047e-10,1.0
2023,hybrid_gamma05,10m area-weighted to 20m versus direct 20m,76396,0.9999999998948088,7.386981693002781e-09,2.0101632358660027e-08,1.937106031135727e-11,0.9997382541552153
2023,hybrid_gamma20,10m area-weighted to 20m versus direct 20m,76396,0.9999999999836702,6.609937042156844e-09,1.9368080472759175e-08,-5.717309872060872e-12,1.0
2023,hybrid_binary_fraction,10m area-weighted to 20m versus direct 20m,76396,0.9999999445568998,2.7034149918669925e-10,3.6660106061958686e-09,2.7034149918669925e-10,1.0
2023,hybrid_threshold_70,10m area-weighted to 20m versus direct 20m,76396,0.99999999996111,7.030863891088757e-09,1.993422138468759e-08,1.1922128562158463e-10,1.0
2023,hybrid_threshold_80,10m area-weighted to 20m versus direct 20m,76396,0.9999999999611235,7.0191767953531325e-09,1.991715592453147e-08,1.196273913262047e-10,1.0
2023,hybrid_threshold_90,10m area-weighted to 20m versus direct 20m,76396,0.999999999961292,7.013204683659069e-09,1.9906014614434753e-08,1.2900357171385934e-10,1.0
2023,hybrid_threshold_100,10m area-weighted to 20m versus direct 20m,76396,0.9999999999613521,7.0087780024152835e-09,1.9898594771916578e-08,1.2632314638771902e-10,0.9997382884061764
2023,fractional_mixture_identity,10m area-weighted to 20m versus direct 20m,76396,0.9999999999606054,7.396479873023054e-09,2.0525822819195128e-08,1.9147951280107378e-10,1.0
2023,any_structure_cell_max,10m area-weighted to 20m versus direct 20m,76396,0.9714391616818642,0.0048087709583342075,0.047977469861507416,-0.004808764439076185,0.63737676810973
2023,structural_uplift,10m area-weighted to 20m versus direct 20m,76396,0.9999999999998058,8.265859663403319e-10,5.399964919661215e-09,1.7499784607521995e-11,1.0
