year,resolution_m,scenario,reference,n,spearman,mae,rmse,mean_difference,top10_jaccard
2003,10,pveg_only,hybrid_rs100_current,294018,0.9882328814274318,0.003397085703909397,0.03938963636755943,-0.003397085703909397,0.8418728468524899
2003,10,hybrid_rs075,hybrid_rs100_current,294018,0.9893599738914578,0.0016599014634266496,0.013940371572971344,-0.0016599014634266496,0.8418728468524899
2003,10,hybrid_rs090,hybrid_rs100_current,294018,0.990326954258061,0.0009540699538774788,0.0068427203223109245,-0.0009540699538774788,0.8418728468524899
2003,10,hybrid_gamma05,hybrid_rs100_current,294018,0.9999015978649298,0.04441988468170166,0.07382021099328995,0.04441988468170166,0.9998639825897715
2003,10,hybrid_gamma20,hybrid_rs100_current,294018,0.9998525642955718,0.029106101021170616,0.05215871334075928,-0.029106101021170616,0.9993200747917729
2003,10,hybrid_binary_fraction,hybrid_rs100_current,294018,0.8507570232126545,0.025841427966952324,0.04770267754793167,0.00035227718763053417,0.1579218714756775
2003,10,fractional_mixture_identity,hybrid_rs100_current,294018,0.9999999999980957,8.210721547108335e-10,7.1833126114029255e-09,1.589993414707891e-10,1.0
2003,10,any_structure_cell_max,hybrid_rs100_current,294018,0.9610563680697224,0.0018206770764663815,0.02766897901892662,0.0018206770764663815,0.4221217324015186
2003,20,pveg_only,hybrid_rs100_current,74450,0.9892464865874308,0.003763657296076417,0.03400297090411186,-0.003763657296076417,0.8121197371623265
2003,20,hybrid_rs075,hybrid_rs100_current,74450,0.9906005351910958,0.0018863711738958955,0.012603108771145344,-0.0018863711738958955,0.8121197371623265
2003,20,hybrid_rs090,hybrid_rs100_current,74450,0.9920645684591256,0.001051093451678753,0.006130440626293421,-0.001051093451678753,0.8121197371623265
2003,20,hybrid_gamma05,hybrid_rs100_current,74450,0.9997874527144117,0.04764226824045181,0.07380486279726028,0.04764226824045181,0.9991945227547322
2003,20,hybrid_gamma20,hybrid_rs100_current,74450,0.9997315686895256,0.03361138701438904,0.05416158214211464,-0.03361138701438904,0.9982555018786903
2003,20,hybrid_binary_fraction,hybrid_rs100_current,74450,0.9083757969704678,0.023977093398571014,0.04001329466700554,-0.001906625577248633,0.18625243884136275
2003,20,fractional_mixture_identity,hybrid_rs100_current,74450,0.999999999994802,1.33580058125915e-09,9.1683460823333e-09,2.011506586296896e-11,1.0
2003,20,any_structure_cell_max,hybrid_rs100_current,74450,0.9489335658136989,0.003235842566937208,0.03859943151473999,0.003235842566937208,0.25248107653490326
2023,10,pveg_only,hybrid_rs100_current,302016,0.9889886520810978,0.009160513058304787,0.07346795499324799,-0.009160513058304787,0.953118432539041
2023,10,hybrid_rs075,hybrid_rs100_current,302016,0.9969214167674401,0.0026569266337901354,0.020038925111293793,-0.0026569266337901354,0.953118432539041
2023,10,hybrid_rs090,hybrid_rs100_current,302016,0.9973182997698468,0.0011284193024039268,0.008259427733719349,-0.0011284193024039268,0.953118432539041
2023,10,hybrid_gamma05,hybrid_rs100_current,302016,0.9992870649702392,0.04579176381230354,0.06991933286190033,0.04579176381230354,0.9997351870241642
2023,10,hybrid_gamma20,hybrid_rs100_current,302016,0.9992065685578888,0.021463338285684586,0.04088108241558075,-0.021463338285684586,0.9995035085396531
2023,10,hybrid_binary_fraction,hybrid_rs100_current,302016,0.903930463681785,0.017607396468520164,0.034578099846839905,-0.004329146351665258,0.19839341075088016
2023,10,hybrid_threshold_70,hybrid_rs100_current,302016,0.9998325312752256,0.0002210562670370564,0.010441548191010952,0.0002210562670370564,0.9984450987527707
2023,10,hybrid_threshold_80,hybrid_rs100_current,302016,1.0,0.0,0.0,0.0,1.0
2023,10,hybrid_threshold_90,hybrid_rs100_current,302016,0.9993864349499673,0.0006001931615173817,0.017909081652760506,-0.0006001931615173817,0.9957051769136741
2023,10,hybrid_threshold_100,hybrid_rs100_current,302016,0.9986655440964323,0.0015111173270270228,0.02865966036915779,-0.0015111173270270228,0.9924472295514511
2023,10,fractional_mixture_identity,hybrid_rs100_current,302016,0.9999999999996088,3.995347108709524e-10,4.811063103460356e-09,6.928425888563794e-11,1.0
2023,10,any_structure_cell_max,hybrid_rs100_current,302016,0.9563624649253479,0.007887080311775208,0.0676850751042366,0.007887080311775208,0.5632067903630671
2023,20,pveg_only,hybrid_rs100_current,76396,0.9925088138153483,0.009429939091205597,0.06368079781532288,-0.009429939091205597,0.9665379665379665
2023,20,hybrid_rs075,hybrid_rs100_current,76396,0.9985264011683064,0.002805583644658327,0.0177132710814476,-0.002805583644658327,0.9665379665379665
2023,20,hybrid_rs090,hybrid_rs100_current,76396,0.9989267866370506,0.0011934468057006598,0.007339113391935825,-0.0011934468057006598,0.9665379665379665
2023,20,hybrid_gamma05,hybrid_rs100_current,76396,0.9986055403992921,0.048699039965867996,0.06905484944581985,0.048699039965867996,0.998953427524856
2023,20,hybrid_gamma20,hybrid_rs100_current,76396,0.9987358778610624,0.025381172075867653,0.041853174567222595,-0.025381172075867653,0.9981692166862822
2023,20,hybrid_binary_fraction,hybrid_rs100_current,76396,0.944830507390658,0.016749436035752296,0.02947104349732399,-0.006159604527056217,0.24117684197234673
2023,20,hybrid_threshold_70,hybrid_rs100_current,76396,0.9998873568000496,0.0002254612627439201,0.00818241760134697,0.0002254612627439201,0.998953427524856
2023,20,hybrid_threshold_80,hybrid_rs100_current,76396,1.0,0.0,0.0,0.0,1.0
2023,20,hybrid_threshold_90,hybrid_rs100_current,76396,0.9996600683264273,0.0006177183822728693,0.014707745052874088,-0.0006177183822728693,0.9973856209150327
2023,20,hybrid_threshold_100,hybrid_rs100_current,76396,0.9992073616028927,0.001550853019580245,0.023487035185098648,-0.001550853019580245,0.9966030833551084
2023,20,fractional_mixture_identity,hybrid_rs100_current,76396,0.9999999999991658,6.399155094705122e-10,6.1191181011110984e-09,-6.485465376543376e-12,1.0
2023,20,any_structure_cell_max,hybrid_rs100_current,76396,0.9328234150857384,0.012873929925262928,0.0881362333893776,0.012873929925262928,0.37410071942446044
