year,resolution_m,scenario,n,mean,median,sd,p10,p90,fraction_ge_0p8,structural_cell_mean
2003,10,pveg_only,294018,0.690196692943573,0.9746477603912354,0.42112281918525696,0.005976855754852295,0.9982278943061829,0.6615955485718561,0.9019984602928162
2003,10,hybrid_rs075,294018,0.691933810710907,0.9746503829956055,0.42017027735710144,0.005985648836940527,0.9982278943061829,0.6630682475222606,0.9346267580986023
2003,10,hybrid_rs090,294018,0.6926396489143372,0.9747757315635681,0.42034652829170227,0.005985648836940527,0.9982278943061829,0.6649252766837405,0.9478839039802551
2003,10,hybrid_rs100_current,294018,0.6935937404632568,0.977959156036377,0.42085981369018555,0.005985648836940527,0.9983128905296326,0.6653742287887137,0.9658035039901733
2003,10,hybrid_gamma05,294018,0.7380135655403137,0.9888535737991333,0.3797154724597931,0.07598436623811722,0.9991560578346252,0.6859171887435463,0.9754874110221863
2003,10,hybrid_gamma20,294018,0.6644876599311829,0.9569778442382812,0.4304286241531372,4.1758641600608826e-05,0.9966294765472412,0.6311926480691659,0.9542450308799744
2003,10,hybrid_binary_fraction,294018,0.6939460635185242,1.0,0.4445500075817108,0.0,1.0,0.6745913515499051,0.9719190001487732
2003,10,fractional_mixture_identity,294018,0.6935937404632568,0.977959156036377,0.42085981369018555,0.005985648836940527,0.9983128905296326,0.6653742287887137,0.9658035039901733
2003,10,any_structure_cell_max,294018,0.6954144239425659,0.9803155660629272,0.4212716817855835,0.005985648836940527,0.9987441301345825,0.6676393962274418,1.0
2003,20,pveg_only,74450,0.6886951327323914,0.9544272422790527,0.4039807617664337,0.007515863515436649,0.9976646900177002,0.6341302887844191,0.9092928171157837
2003,20,hybrid_rs075,74450,0.6905724406242371,0.9549381136894226,0.40342915058135986,0.007526116911321878,0.9976646900177002,0.6370315648085964,0.9336207509040833
2003,20,hybrid_rs090,74450,0.6914077401161194,0.9570614099502563,0.4037054181098938,0.007526116911321878,0.9976646900177002,0.638280725319006,0.9444451332092285
2003,20,hybrid_rs100_current,74450,0.6924588084220886,0.9614121913909912,0.40429481863975525,0.007526116911321878,0.997786283493042,0.6387374076561451,0.9580663442611694
2003,20,hybrid_gamma05,74450,0.7401010394096375,0.9799124598503113,0.3643966019153595,0.08203832060098648,0.9988922476768494,0.6692545332437878,0.9694042801856995
2003,20,hybrid_gamma20,74450,0.658847451210022,0.9284161329269409,0.41507744789123535,8.486890874337405e-05,0.9955801963806152,0.5978374748153122,0.9449884295463562
2003,20,hybrid_binary_fraction,74450,0.6905521750450134,1.0,0.4263606667518616,0.0,1.0,0.6444190732034922,0.9636909365653992
2003,20,fractional_mixture_identity,74450,0.6924588084220886,0.9614121913909912,0.40429481863975525,0.007526116911321878,0.997786283493042,0.6387374076561451,0.9580663442611694
2003,20,any_structure_cell_max,74450,0.695694625377655,0.9664561748504639,0.4049002528190613,0.007526116911321878,0.9985575675964355,0.6429147078576226,1.0
2023,10,pveg_only,302016,0.5667098164558411,0.9132887125015259,0.46358758211135864,0.003947210498154163,0.9983320832252502,0.5348458359821996,0.4594029188156128
2023,10,hybrid_rs075,302016,0.5732133984565735,0.9144361019134521,0.4603971838951111,0.0040918090380728245,0.9983320832252502,0.536782819453274,0.6656385064125061
2023,10,hybrid_rs090,302016,0.5747418999671936,0.9170262813568115,0.4606263041496277,0.0040918090380728245,0.9983320832252502,0.5401634350497987,0.7141090631484985
2023,10,hybrid_rs100_current,302016,0.5758703351020813,0.9227218627929688,0.46103450655937195,0.0040918090380728245,0.9983469843864441,0.5422163064208518,0.7498924136161804
2023,10,hybrid_gamma05,302016,0.6216620802879333,0.9585772752761841,0.42550596594810486,0.06241988390684128,0.999173104763031,0.5567950042381861,0.7826677560806274
2023,10,hybrid_gamma20,302016,0.554407000541687,0.8651407361030579,0.4654198884963989,1.9014873032574542e-05,0.9966970682144165,0.5221809440559441,0.7282422780990601
2023,10,hybrid_binary_fraction,302016,0.5715412497520447,1.0,0.4762510359287262,0.0,1.0,0.5461498728544183,0.7458874583244324
2023,10,hybrid_threshold_70,302016,0.5760913491249084,0.9230560064315796,0.46099522709846497,0.004093836527317762,0.9983475208282471,0.5424215935579572,0.7503414154052734
2023,10,hybrid_threshold_80,302016,0.5758703351020813,0.9227218627929688,0.46103450655937195,0.0040918090380728245,0.9983469843864441,0.5422163064208518,0.7498924136161804
2023,10,hybrid_threshold_90,302016,0.5752701163291931,0.9220603704452515,0.46118101477622986,0.0040852585807442665,0.9983455538749695,0.5417030885780886,0.7308596968650818
2023,10,hybrid_threshold_100,302016,0.5743592381477356,0.9212365746498108,0.46144428849220276,0.0040751569904387,0.9983444213867188,0.5409978279296461,0.7019733786582947
2023,10,fractional_mixture_identity,302016,0.5758703351020813,0.9227218627929688,0.46103450655937195,0.0040918090380728245,0.9983469843864441,0.5422163064208518,0.7498924136161804
2023,10,any_structure_cell_max,302016,0.5837574005126953,0.9473965167999268,0.46324896812438965,0.0040918090380728245,0.9985402822494507,0.5551195963127782,1.0
2023,20,pveg_only,76396,0.5673248767852783,0.8118503093719482,0.44403234124183655,0.004878623876720667,0.9980368614196777,0.5038221896434368,0.5408444404602051
2023,20,hybrid_rs075,76396,0.5739492774009705,0.8233809471130371,0.44146305322647095,0.005013639573007822,0.9980368614196777,0.5084166710298968,0.6772158145904541
2023,20,hybrid_rs090,76396,0.5755613446235657,0.831314742565155,0.44168901443481445,0.005013639573007822,0.9980368614196777,0.5112702235719148,0.7104039192199707
2023,20,hybrid_rs100_current,76396,0.5767548680305481,0.8359755277633667,0.44206899404525757,0.005013639573007822,0.9980481266975403,0.5132467668464318,0.7349725961685181
2023,20,hybrid_gamma05,76396,0.6254538893699646,0.8941501379013062,0.4081345498561859,0.06843067705631256,0.9990234375,0.5365202366616053,0.7713966965675354
2023,20,hybrid_gamma20,76396,0.5513736605644226,0.7680150270462036,0.44657671451568604,2.891954136430286e-05,0.9961014986038208,0.4878789465417038,0.7092977166175842
2023,20,hybrid_binary_fraction,76396,0.5705952048301697,0.8399999737739563,0.4559085965156555,0.0,1.0,0.5133122152992303,0.7307393550872803
2023,20,hybrid_threshold_70,76396,0.5769802927970886,0.8367915153503418,0.4420642554759979,0.005014421418309212,0.9980485439300537,0.5136001884915441,0.7355034947395325
2023,20,hybrid_threshold_80,76396,0.5767548680305481,0.8359755277633667,0.44206899404525757,0.005013639573007822,0.9980481266975403,0.5132467668464318,0.7349725961685181
2023,20,hybrid_threshold_90,76396,0.576137125492096,0.8339559435844421,0.4421561062335968,0.005010847467929125,0.9980472326278687,0.5125268338656475,0.722256064414978
2023,20,hybrid_threshold_100,76396,0.5752039551734924,0.8322025537490845,0.4423663914203644,0.005000262521207333,0.998046875,0.5116105555264674,0.7030462026596069
2023,20,fractional_mixture_identity,76396,0.5767548680305481,0.8359755277633667,0.44206899404525757,0.005013639573007822,0.9980481266975403,0.5132467668464318,0.7349725961685181
2023,20,any_structure_cell_max,76396,0.5896288156509399,0.888343870639801,0.44540873169898987,0.005013639573007822,0.9983698129653931,0.5334048903083931,1.0
