model,scene_id,n_seeds,n_unique_pixels,iou_veg_mean,iou_veg_sd,iou_veg_min,iou_veg_max,iou_veg_seed_ci95_low,iou_veg_seed_ci95_high,iou_nonveg_mean,iou_nonveg_sd,iou_nonveg_min,iou_nonveg_max,iou_nonveg_seed_ci95_low,iou_nonveg_seed_ci95_high,min_iou_mean,min_iou_sd,min_iou_min,min_iou_max,min_iou_seed_ci95_low,min_iou_seed_ci95_high,macro_iou_mean,macro_iou_sd,macro_iou_min,macro_iou_max,macro_iou_seed_ci95_low,macro_iou_seed_ci95_high,balanced_accuracy_mean,balanced_accuracy_sd,balanced_accuracy_min,balanced_accuracy_max,balanced_accuracy_seed_ci95_low,balanced_accuracy_seed_ci95_high,mcc_mean,mcc_sd,mcc_min,mcc_max,mcc_seed_ci95_low,mcc_seed_ci95_high,ece_15_mean,ece_15_sd,ece_15_min,ece_15_max,ece_15_seed_ci95_low,ece_15_seed_ci95_high,brier_mean,brier_sd,brier_min,brier_max,brier_seed_ci95_low,brier_seed_ci95_high
rf,20030709_qb,5,768261,0.882965702192144,0.06018490394363814,0.821205998790201,0.9710589226972964,0.8082482539621717,0.9576831504221163,0.7556153555964679,0.10713245943686092,0.6548689838042648,0.9223026108839256,0.6226141631509426,0.8886165480419931,0.7556153555964679,0.10713245943686092,0.6548689838042648,0.9223026108839256,0.6226141631509426,0.8886165480419931,0.819290528894306,0.08356724509157024,0.738037491297233,0.9466807667906112,0.7155447238881517,0.9230363339004602,0.9399018137676908,0.03180368384518115,0.9072051707631308,0.985481980322572,0.9004186552758192,0.9793849722595623,0.8150789090098911,0.08675269367441447,0.7304027957409291,0.9463568973421244,0.7073784812664339,0.9227793367533483,0.04871013589598207,0.02722582079714959,0.0118682527696297,0.0803716511292726,0.014910233883434973,0.08251003790852916,0.032784273850385307,0.02197217203836517,0.006491698359396,0.0547835418612903,0.005506592584764016,0.06006195511600659
rf,20160825_wv,5,541175,0.7589182593635262,0.16794370431066685,0.5666874690907379,0.918450610911668,0.5504220383820444,0.967414480345008,0.7397281892154842,0.13972958257845436,0.5778288290613733,0.8911501949622415,0.5662588112086943,0.9131975672222742,0.7311429418824694,0.14981774700949207,0.5666874690907379,0.8911501949622415,0.5451494614144146,0.9171364223505243,0.7493232242895053,0.1529919570095699,0.5722581490760557,0.9048004029369549,0.5593890733906397,0.9392573751883708,0.8535439358860119,0.09239650123426472,0.7415517227777972,0.947050758217238,0.7388369189226409,0.9682509528493828,0.7169164173854979,0.1861891046943327,0.485412683298668,0.9012718805595564,0.48576917149121873,0.9480636632797772,0.12127836225955849,0.0746726778261867,0.0605217755738477,0.2437041966040148,0.028574850679703695,0.21398187383941328,0.11626600515171381,0.07275590752044295,0.0517816645458305,0.2341741739566172,0.025942096706596515,0.2065899135968311
rf,20230812_pl,5,696009,0.7799131375317925,0.14644025436691074,0.618675903676536,0.9069396585891272,0.5981126957683522,0.9617135792952327,0.7524280250157451,0.11645297648906719,0.622976139752876,0.8699800325082492,0.6078557374169076,0.8970003126145827,0.7486357786076544,0.12134914943424846,0.618675903676536,0.8699800325082492,0.5979850639517734,0.8992864932635354,0.7661705812737688,0.13096147269859346,0.620826021714706,0.8884598455486883,0.6035865042826078,0.9287546582649298,0.8711146141365649,0.07107488038778159,0.7908220872132898,0.9404217522240336,0.7828776419416977,0.959351586331432,0.7491747946719876,0.14277732575441576,0.5831562907560157,0.8816828577380506,0.5719217503627407,0.9264278389812344,0.11642280616504319,0.0763586651854681,0.0373914382058635,0.2071123047714808,0.02162620038748947,0.2112194119425969,0.12639531401367693,0.08270508092443518,0.0527529924771066,0.2223239510481114,0.023719855594500308,0.22907077243285356
rf,ALL_SCENES,5,2005445,0.8186538478462904,0.10888364606939666,0.692180513619397,0.9023995493266636,0.6834786185911352,0.9538290771014455,0.7475495838357309,0.10882337403747727,0.6171640558451656,0.8394630144181396,0.6124491801951331,0.8826499874763287,0.7475495838357309,0.10882337403747727,0.6171640558451656,0.8394630144181396,0.6124491801951331,0.8826499874763287,0.7831017158410107,0.1087315120957544,0.6546722847322813,0.8709312818724017,0.6481153555804839,0.9180880761015375,0.8885609797195582,0.053569954830820325,0.8222709132031234,0.9362687103617052,0.8220557589003619,0.9550662005387545,0.7662794983716907,0.11942714237507346,0.6187518709808677,0.8623666503869305,0.6180148880963374,0.914544108647044,0.06927031486813384,0.043669849316672206,0.0256890443993557,0.1269618030800478,0.01505572795802125,0.12348490177824643,0.0878006679125555,0.051283787908163805,0.0416427530971164,0.1556741116413043,0.02413364317735775,0.15146769264775325
segformer,20030709_qb,5,768261,0.9834475742242429,0.006604349287648098,0.9727050890492568,0.9891147943566462,0.975248506124797,0.9916466423236888,0.9533195724250504,0.017898922551547316,0.9241205739412172,0.9689741741443164,0.9310986875936992,0.9755404572564016,0.9533195724250504,0.017898922551547316,0.9241205739412172,0.9689741741443164,0.9310986875936992,0.9755404572564016,0.9683835733246469,0.012251225886667098,0.948412831495237,0.9790444842504812,0.9531741059007564,0.9835930407485374,0.9866335811734256,0.005161259024817571,0.978216460972016,0.9919400163784924,0.9802260590421379,0.9930411033047133,0.9678057105507969,0.012743247499459535,0.9469363357031017,0.9788260198951118,0.9519854155443572,0.9836260055572366,0.01593405866258204,0.0037367102754145938,0.0121701182483275,0.0200077315769576,0.011295063860577239,0.02057305346458684,0.010810835531534179,0.0036325456057278256,0.0078127129877602,0.0170344412050592,0.006301157515047584,0.015320513548020774
segformer,20160825_wv,5,541175,0.955483320776256,0.004826211360570425,0.9492926075142883,0.961340989376923,0.9494917485737312,0.9614748929787807,0.9403976310910777,0.006820520185257263,0.9315574928020708,0.948570778870772,0.9319301944009621,0.9488650677811932,0.9403976310910777,0.006820520185257263,0.9315574928020708,0.948570778870772,0.9319301944009621,0.9488650677811932,0.9479404759336667,0.005823163493710868,0.9404250501581796,0.9549558841238476,0.9407112226098854,0.955169729257448,0.970403349099365,0.0034590142882996466,0.9658791227128098,0.9744869563880292,0.9661091041296498,0.9746975940690802,0.9476910886094053,0.00580883625105019,0.9402455638901792,0.9547521257075008,0.94047962205509,0.9549025551637207,0.03223737573624617,0.006744826072383978,0.0234621088211122,0.0409348705200281,0.02386391063351108,0.040610840838981255,0.02243179794505274,0.004695606623302944,0.01567053660649,0.0280446920076112,0.016602366944988164,0.028261228945117317
segformer,20230812_pl,5,696009,0.9796221610632315,0.005234932771151261,0.973924279371618,0.987581479804692,0.9731231755587905,0.9861211465676726,0.971503938046334,0.007189354847456946,0.9636093701804278,0.982423442759058,0.9625786060540321,0.9804292700386358,0.971503938046334,0.007189354847456946,0.9636093701804278,0.982423442759058,0.9625786060540321,0.9804292700386358,0.9755630495547827,0.006212097176145543,0.9687668247760228,0.9850024612818749,0.9678509486998427,0.9832751504097227,0.9882814349924403,0.0027603545477589237,0.9849677783770974,0.9923240973877367,0.9848545515963698,0.9917083183885107,0.9752793038905274,0.006334539374348277,0.9683068008335594,0.9848867168242004,0.9674151953392066,0.9831434124418482,0.00836270067686698,0.004108915994388187,0.0041909333619065,0.0146656979350396,0.003261625523876611,0.013463775829857349,0.00870325636255098,0.0026721047678149846,0.0057320539545383,0.0120905163717509,0.0053859319743414565,0.012020580750760504
segformer,ALL_SCENES,5,2005445,0.9754143341392453,0.0033481680550304337,0.971084710854782,0.9792872157374104,0.9712577008819876,0.979570967396503,0.9563630921955323,0.005666630089149206,0.9490743180875232,0.9631835941503732,0.9493281696056265,0.9633980147854381,0.9563630921955323,0.005666630089149206,0.9490743180875232,0.9631835941503732,0.9493281696056265,0.9633980147854381,0.965888713167389,0.004506698465307506,0.9600795144711528,0.9712354049438918,0.960293805022565,0.971483621312213,0.9816186343420068,0.0018112880157937967,0.9795311329803302,0.9844854092438295,0.9793699837721499,0.9838672849118637,0.9652883311920165,0.004720784666543476,0.95920226012136,0.9708036481213428,0.9594276425339832,0.9711490198500499,0.01142357074106706,0.0039685432272400095,0.005943381574938,0.0154087948826624,0.006496763457177452,0.016350378024956667,0.01321532942905374,0.0012917276551443675,0.0113556286456559,0.0145372431143946,0.011611694831732513,0.014818964026374967
unet,20030709_qb,5,768261,0.9595140824677614,0.007309935646022933,0.949722011537043,0.966910000208671,0.9504390536414691,0.9685891112940537,0.8916042327217276,0.017005950104336677,0.8699976160382153,0.9103344610832054,0.8704919418769637,0.9127165235664916,0.8916042327217276,0.017005950104336677,0.8699976160382153,0.9103344610832054,0.8704919418769637,0.9127165235664916,0.9255591575947445,0.012151150138381205,0.9098598137876291,0.9386222306459382,0.910473930703806,0.940644384485683,0.9712473402931762,0.0039795052530947825,0.9672314958664744,0.9778827365269624,0.9663069240385044,0.976187756547848,0.9230465038797634,0.012556046903947177,0.9073594845305372,0.9370791129009128,0.9074586118496067,0.93863439590992,0.02041384058135608,0.0053920539332080785,0.0128113132410639,0.0278351823924082,0.013719794662715383,0.027107886499996778,0.02340626014730794,0.003423106915810301,0.0180485733057356,0.0263578727078496,0.019156592921665515,0.027655927372950362
unet,20160825_wv,5,541175,0.966830765543644,0.006520202415986699,0.9578628432992524,0.974612216000515,0.9587361628352696,0.9749253682520184,0.957077665239305,0.00820144805941552,0.945402441650516,0.966898004397375,0.9468958550072234,0.9672594754713867,0.957077665239305,0.00820144805941552,0.945402441650516,0.966898004397375,0.9468958550072234,0.9672594754713867,0.9619542153914745,0.0073579818860998614,0.9516326424748842,0.970755110198945,0.9528195388425746,0.9710888919403744,0.9797856016646623,0.0035706569437955497,0.9743083307443712,0.9840108406466777,0.9753527562522167,0.9842184470771079,0.9613221759606023,0.007712199225297114,0.9505262748022422,0.9704919859594906,0.9517477510035566,0.9708966009176481,0.03233326748356128,0.006495169838097519,0.0260459017115412,0.0424235440131744,0.024269741843021844,0.040396793124100716,0.021185394650391057,0.004041890293499074,0.0176025118179412,0.0276621776772712,0.016167529555207703,0.02620325974557441
unet,20230812_pl,5,696009,0.8410266313818473,0.057637328052427224,0.7845029147475787,0.9152808643405842,0.769471909305625,0.9125813534580696,0.8164786562775698,0.056592223387892916,0.7619785730567586,0.8917448808785344,0.7462213950021551,0.8867359175529844,0.8164786562775698,0.056592223387892916,0.7619785730567586,0.8917448808785344,0.7462213950021551,0.8867359175529844,0.8287526438297086,0.057103794279320025,0.7732407439021687,0.9035128726095594,0.7578602852276959,0.8996450024317213,0.9184394745704921,0.029459585725602852,0.889290637028016,0.956484538993918,0.8818664317125939,0.9550125174283903,0.8257348593885897,0.058586631045919914,0.7683133747314329,0.9024316555103552,0.7530016109274574,0.898468107849722,0.05756520066909161,0.020865332805526673,0.0258578271318475,0.0802799642972596,0.03166162150648206,0.08346877983170117,0.04985442550925621,0.018308280912889684,0.0208679409406347,0.0685401136689727,0.027125336623949035,0.07258351439456338
unet,ALL_SCENES,5,2005445,0.9237802836425887,0.019664147445160405,0.9013089692730868,0.9512473191452672,0.8993679339926459,0.9481926332925315,0.8777431807165597,0.028488909927416425,0.8454766573806779,0.9177252354660604,0.8423751978312919,0.9131111636018274,0.8777431807165597,0.028488909927416425,0.8454766573806779,0.9177252354660604,0.8423751978312919,0.9131111636018274,0.9007617321795742,0.02407614186490214,0.8733928133268822,0.934486277305664,0.8708720461371584,0.93065141822199,0.9569348663348567,0.010537027288722583,0.9444465239004683,0.970807738433915,0.9438535163724106,0.9700162162973028,0.8977457128752373,0.025253944313777827,0.8687729492716793,0.932733522434601,0.8663938263849913,0.9290975993654833,0.01863383240894308,0.002683589806056071,0.0139310821328506,0.0203668688600836,0.015302249748409965,0.021965415069476198,0.031986043806351346,0.006443646902112766,0.0223365490159755,0.0379186437907868,0.023986482084499928,0.03998560552820277
