branch,scene_id,n_seeds,n_unique_pixels,iou_veg_mean,iou_veg_sd,iou_veg_min,iou_veg_max,iou_veg_seed_ci95_low,iou_veg_seed_ci95_high,iou_nonveg_mean,iou_nonveg_sd,iou_nonveg_min,iou_nonveg_max,iou_nonveg_seed_ci95_low,iou_nonveg_seed_ci95_high,min_iou_mean,min_iou_sd,min_iou_min,min_iou_max,min_iou_seed_ci95_low,min_iou_seed_ci95_high,macro_iou_mean,macro_iou_sd,macro_iou_min,macro_iou_max,macro_iou_seed_ci95_low,macro_iou_seed_ci95_high,balanced_accuracy_mean,balanced_accuracy_sd,balanced_accuracy_min,balanced_accuracy_max,balanced_accuracy_seed_ci95_low,balanced_accuracy_seed_ci95_high,mcc_mean,mcc_sd,mcc_min,mcc_max,mcc_seed_ci95_low,mcc_seed_ci95_high,ece_15_mean,ece_15_sd,ece_15_min,ece_15_max,ece_15_seed_ci95_low,ece_15_seed_ci95_high,brier_mean,brier_sd,brier_min,brier_max,brier_seed_ci95_low,brier_seed_ci95_high
M1_03,20030709_qb,5,768261,0.9866970707312545,0.007501732789214746,0.9734821578983016,0.9918786419623852,0.9773839324758848,0.9960102089866241,0.9624291901413201,0.020423754620550003,0.9264955783737464,0.9766942363920376,0.9370738148141171,0.9877845654685231,0.9624291901413201,0.020423754620550003,0.9264955783737464,0.9766942363920376,0.9370738148141171,0.9877845654685231,0.9745631304362872,0.013962644918408847,0.949988868136024,0.9842864391772114,0.9572289962849444,0.99189726458763,0.989750590643314,0.005667521869698526,0.979946227617712,0.9936058556633168,0.9827145609391211,0.996786620347507,0.9741469424980961,0.014452765977343483,0.9486986339953082,0.9841526734935708,0.9562043402351873,0.9920895447610049,0.02927496190510412,0.004245707467764758,0.0238129780998971,0.034044608354866,0.024004064933674244,0.034545858876534,0.01047553603970358,0.0037340104755165166,0.0068842696685911,0.0166977266488122,0.0058398929446202485,0.01511117913478691
M1_03,20160825_wv,5,541175,0.26966908951460467,0.11217060791364289,0.1740785587714117,0.3959079452596976,0.13041321236705855,0.4089249666621508,0.4213924430607491,0.025365260146104997,0.3861779962012486,0.4465707961816318,0.3899023618672787,0.45288252425421943,0.26966908951460467,0.11217060791364289,0.1740785587714117,0.3959079452596976,0.13041321236705855,0.4089249666621508,0.34553076628767687,0.06706890517835429,0.2925109232566072,0.4212393707206647,0.2622670718702611,0.42879446070509264,0.5524630993877294,0.052594638785472284,0.5003348829677461,0.6109988818143103,0.4871686992453327,0.6177574995301262,0.11209633554902121,0.10488190888724323,0.0007838483028503,0.2273477061177417,-0.018110877290962557,0.24230354838900497,0.39404135771614646,0.09733085476834738,0.273827765530719,0.4731355891901995,0.2732085138331801,0.5148742015991128,0.40974397615432634,0.0789228906641559,0.3180623515221189,0.4727184144756864,0.31176397434388614,0.5077239779647665
M1_03,20230812_pl,5,696009,0.29141980716019844,0.06780176579615042,0.2240217020882843,0.3758941188785568,0.20724629197907007,0.3755933223413268,0.40323854681308174,0.04220302225397958,0.3388205342843405,0.4534720285996921,0.3508449742759703,0.4556321193501932,0.29141980716019844,0.06780176579615042,0.2240217020882843,0.3758941188785568,0.20724629197907007,0.3755933223413268,0.3473291769866401,0.04866384886284106,0.2872005311867209,0.4146830737391245,0.2869147147240502,0.40774363924923,0.5587213224347971,0.049772340582673325,0.4845237999481911,0.6235195325937384,0.4969307065645271,0.6205119383050671,0.12893365986960162,0.10566837437947882,-0.0332170685869587,0.2607763985291759,-0.0022499223063837948,0.26011724204558706,0.3243827224874673,0.0684227532455161,0.2696216990344369,0.4329180136790259,0.23943827315908345,0.40932717181585115,0.3668151526644101,0.051683627248674355,0.3300858044589362,0.4520209554336243,0.3026517414058928,0.43097856392292744
M1_03,ALL_SCENES,5,2005445,0.5714277285744289,0.05044036209806097,0.5233986442984343,0.6341071928882978,0.5088077874128993,0.6340476697359585,0.5037968329060203,0.0307813061311626,0.4621812214414941,0.5442927378669197,0.4655829205026728,0.5420107453093678,0.5037968329060203,0.0307813061311626,0.4621812214414941,0.5442927378669197,0.4655829205026728,0.5420107453093678,0.5376122807402246,0.03919822733602092,0.4927899328699642,0.5891999653776088,0.48894905574897796,0.5862755057314712,0.7314983278876412,0.02776605004124883,0.6938614509156684,0.7673174583629936,0.6970277502083837,0.7659689055668988,0.4475072326602517,0.05235645721333605,0.3748124564832675,0.5131631958620789,0.3825085265892801,0.5125059387312234,0.20679464674481857,0.043859245968685505,0.1653755428146853,0.2638013466985975,0.15234493053126827,0.2612443629583689,0.24189034836633252,0.036023786604637724,0.2061480984902254,0.2908393166091437,0.19716808025072302,0.28661261648194203
M1_16,20030709_qb,5,768261,0.7252928014760149,0.057921058874799355,0.6376633415412166,0.7891257585561637,0.6533858375311059,0.797199765420924,0.5594611721702151,0.05047541262688206,0.4867034981666832,0.6196586453690649,0.49679771700598685,0.6221246273344433,0.5594611721702151,0.05047541262688206,0.4867034981666832,0.6196586453690649,0.49679771700598685,0.6221246273344433,0.642376986823115,0.05415935398754538,0.5621834198539499,0.7043922019626143,0.575140047614526,0.7096139260317039,0.8626146089837965,0.028965017476714053,0.8187939122952324,0.8945239275939155,0.8266555552678789,0.8985736626997141,0.6369580028017789,0.054137457587566426,0.5570436339551896,0.699239582884599,0.5697482472061003,0.7041677583974576,0.15689257899352899,0.03255465294620822,0.1122700553224744,0.1896116198871413,0.11647711869087703,0.19730803929618096,0.11463783367220688,0.025180504410223584,0.0779777999229203,0.1392313780615651,0.08337712024750188,0.14589854709691188
M1_16,20160825_wv,5,541175,0.9548848045822824,0.012962109560801648,0.9331367709046312,0.9661927350413664,0.9387927999997479,0.970976809164817,0.940373813005337,0.018137545154042034,0.9100012089327624,0.955932514748308,0.9178566865788326,0.9628909394318413,0.940373813005337,0.018137545154042034,0.9100012089327624,0.955932514748308,0.9178566865788326,0.9628909394318413,0.9476293087938096,0.015549170020065534,0.9215689899186968,0.9610626248948372,0.9283255593505725,0.9669330582370467,0.9711487877819739,0.009239034481359478,0.9558243401992026,0.9789425374686174,0.9596788503836793,0.9826187251802685,0.9467431591029273,0.015920770752163613,0.9199739694746192,0.9604732236628462,0.9269780803787003,0.9665082378271542,0.030344194654611894,0.00723490896338945,0.0212101849339994,0.0372187930133542,0.021362308824456715,0.03932608048476707,0.026084403142174483,0.006182966850680761,0.0190421974485183,0.0343485254895812,0.018408466565022097,0.03376033971932687
M1_16,20230812_pl,5,696009,0.9243147574252687,0.02427369868839018,0.8837209302325582,0.9427185863331552,0.8941798115126158,0.9544497033379216,0.9024918374960382,0.027690275732821252,0.856465223308029,0.9241414957195928,0.8681153309641303,0.9368683440279462,0.9024918374960382,0.027690275732821252,0.856465223308029,0.9241414957195928,0.8681153309641303,0.9368683440279462,0.9134032974606534,0.025980965607254453,0.8700930767702936,0.933430041026374,0.8811488395231173,0.9456577553981895,0.960615529813925,0.012292253564593257,0.9399933917550796,0.9702607942854968,0.945355127966274,0.9758759316615759,0.9121389555215128,0.026475800805972657,0.8679476710022561,0.932704243779234,0.8792701770331419,0.9450077340098837,0.024722485650821042,0.007469343393307663,0.0181241142268573,0.0364540680282995,0.015449557694933789,0.0339954136067083,0.02723756219129906,0.004040810872746661,0.0221809405714799,0.0319729355251939,0.022221037159136533,0.03225408722346159
M1_16,ALL_SCENES,5,2005445,0.8440024647156659,0.01937152000022934,0.8126949877419705,0.8599481409205411,0.819953401779411,0.8680515276519207,0.7779489163500084,0.019553412024919024,0.7462921875621984,0.7953838156766646,0.7536740408420342,0.8022237918579826,0.7779489163500084,0.019553412024919024,0.7462921875621984,0.7953838156766646,0.7536740408420342,0.8022237918579826,0.8109756905328374,0.019455241534202968,0.7794935876520844,0.8276659782986029,0.7868226902473384,0.8351286908183363,0.9169025797525728,0.00844281248135972,0.9029853546780916,0.924809375450536,0.9064211240526167,0.927384035452529,0.8052985759282484,0.01867861014053173,0.7748410521011496,0.8222444037118047,0.782109736290156,0.8284874155663408,0.06252533417534169,0.010856360234708375,0.0487216451086795,0.0732102191551469,0.049047543555913495,0.07600312479476988,0.060408334324059475,0.007827510368304001,0.0483884197305657,0.0666820007830414,0.050690754625651605,0.07012591402246734
M1_23,20030709_qb,5,768261,0.9220690914448563,0.01431842747563726,0.9046692873481352,0.93719901923685,0.9042932657220568,0.9398449171676557,0.8070724085078806,0.02962105402536517,0.7678732975082232,0.8390909936114542,0.7702989084167272,0.8438459085990341,0.8070724085078806,0.02962105402536517,0.7678732975082232,0.8390909936114542,0.7702989084167272,0.8438459085990341,0.8645707499763684,0.021944294058753307,0.8362712924281792,0.8881450064241522,0.8373276782450642,0.8918138217076726,0.9466933483154815,0.009883496286105124,0.9307926538562876,0.9566186120622436,0.934423334180712,0.9589633624502509,0.8566728545705514,0.024356858571875736,0.823238361817756,0.8826382427099667,0.8264346685780447,0.8869110405630581,0.0486864808599684,0.014870947894558293,0.0318895264965949,0.067148543484273,0.030224720407832188,0.06714824131210462,0.0491879112575795,0.009284007461692688,0.0406062004993861,0.0617197942134437,0.03766214148090404,0.06071368103425496
M1_23,20160825_wv,5,541175,0.8816494558787342,0.012866331454871517,0.8696104787507865,0.8952833022184793,0.8656763564568376,0.8976225553006308,0.8277185378735279,0.0210753848804824,0.8077155039707812,0.8500347903093175,0.8015541864240538,0.8538828893230019,0.8277185378735279,0.0210753848804824,0.8077155039707812,0.8500347903093175,0.8015541864240538,0.8538828893230019,0.8546839968761312,0.016970698895917628,0.8386629913607838,0.8726590462638983,0.8336154691707511,0.8757525245815112,0.9138859256196665,0.010543713105191263,0.9038698446612228,0.9250513024866328,0.9007962754504718,0.9269755757888613,0.8539307717860012,0.017213683105737242,0.8378453600485155,0.8721464357061914,0.8325605877028873,0.875300955869115,0.07328805115648732,0.011887721058696732,0.0599452755055506,0.0871019715094469,0.05852986223244544,0.08804624008052919,0.06340122814949675,0.01311851491592641,0.0505200456075669,0.0801178839428463,0.047115051801973284,0.07968740449702022
M1_23,20230812_pl,5,696009,0.9842330023521303,0.005664159879489216,0.9746785961419396,0.989083695712874,0.9772011464409146,0.991264858263346,0.977707033703927,0.007782413903211546,0.964596212144358,0.9844237191834924,0.9680454396858993,0.9873686277219547,0.977707033703927,0.007782413903211546,0.964596212144358,0.9844237191834924,0.9680454396858993,0.9873686277219547,0.9809700180280287,0.0067232712388851455,0.9696374041431488,0.9867537074481832,0.9726233124953939,0.9893167235606636,0.9900917019570639,0.0028430684721973166,0.9852719019954088,0.9925438706973756,0.9865621321236617,0.993621271790466,0.9807884395068189,0.006881347962007773,0.9691898200942992,0.986705268744353,0.9722454872644221,0.9893313917492158,0.00620979316425928,0.0037384648738936865,0.0041429632736387,0.012795874310859,0.0015686200897569646,0.010850966238761594,0.00812860501852204,0.0032024570058171824,0.0057260606609259,0.0137348038462225,0.004152866920394685,0.012104343116649395
M1_23,ALL_SCENES,5,2005445,0.9307424390905265,0.00470091097064338,0.926216043962163,0.9372398675002376,0.9249064229292032,0.9365784552518497,0.8784589549551487,0.006620055255844414,0.873400986391923,0.8884567326864283,0.8702403884468208,0.8866775214634766,0.8784589549551487,0.006620055255844414,0.873400986391923,0.8884567326864283,0.8702403884468208,0.8866775214634766,0.9046006970228376,0.005643059446890781,0.899808515177043,0.912848300093333,0.8975950365589351,0.9116063574867401,0.947962412782154,0.0019968698386973235,0.9461530122925448,0.951239612574706,0.9454833688854555,0.9504414566788525,0.899598739681376,0.006394023463103207,0.8941560433426676,0.9088106202762528,0.8916607837193122,0.9075366956434399,0.030011905775101478,0.0024572889698445738,0.0267115244396079,0.0335616417720276,0.026961267668868333,0.03306254388133462,0.03877338734535212,0.002226885509891172,0.034798729824891,0.0399141043578815,0.03600878705696108,0.04153798763374316
M2_0316,20030709_qb,5,768261,0.9793824611695554,0.006760643619215647,0.9735165486888332,0.9892079757601494,0.9709893591369745,0.9877755632021363,0.942348598494954,0.01826986978618055,0.9261762160960212,0.9689749888678196,0.9196671956768047,0.9650300013131033,0.942348598494954,0.01826986978618055,0.9261762160960212,0.9689749888678196,0.9196671956768047,0.9650300013131033,0.9608655298322548,0.012515028045667799,0.9498463823924272,0.9790914823139846,0.9453285612765764,0.9764024983879332,0.9839260533950684,0.004506652286520499,0.9785053524607772,0.9898969626626826,0.9783312025795896,0.9895209042105473,0.9600010809853947,0.012960791140510675,0.9484237031841306,0.9788198299974064,0.9439107131754291,0.9760914487953604,0.01450663255669262,0.0029675660471523034,0.0111067389078192,0.0182435200362521,0.010822503348730932,0.01819076176465431,0.012984127976329479,0.0034094647859349257,0.0081707626964977,0.016010215380993,0.008751396976649374,0.017216858976009584
M2_0316,20160825_wv,5,541175,0.9449216782637203,0.03070291778239143,0.8957673026656396,0.971991166964964,0.9068050822471636,0.983038274280277,0.9292299343122083,0.036938493487845815,0.8717354062022912,0.9636282312811424,0.8833720896697059,0.9750877789547108,0.9292299343122083,0.036938493487845815,0.8717354062022912,0.9636282312811424,0.8833720896697059,0.9750877789547108,0.9370758062879643,0.033808232068563336,0.8837513544339655,0.9678096991230531,0.8951040714540036,0.9790475411219249,0.96610129509648,0.017101625174293252,0.9398980845611544,0.9827175912626616,0.9448702270066269,0.9873323631863331,0.9350110609639712,0.03652447217976877,0.8769113958434464,0.9673893315114068,0.8896672092603181,0.9803549126676244,0.02039675873439544,0.008346489071692227,0.01324333106406,0.0347348882649397,0.01003488517054946,0.030758632298241422,0.0243621629278853,0.011840401158886448,0.0125583166984941,0.0414348814296981,0.009662720000474625,0.03906160585529597
M2_0316,20230812_pl,5,696009,0.7200577889057943,0.10892989796944304,0.625281653443328,0.8915796473433835,0.584825139538272,0.8552904382733166,0.7225624424539004,0.0870348907193735,0.6522352171869572,0.8651095978835017,0.6145116769726424,0.8306132079351585,0.7121173031734066,0.09761564079251564,0.625281653443328,0.8651095978835017,0.5909309074257179,0.8333036989210953,0.7213101156798475,0.09790196588527209,0.6387584353151425,0.8783446226134426,0.5997682573677422,0.8428519739919528,0.8591526982495097,0.054032611541081466,0.8119655789587381,0.9441865655225355,0.7920731053447558,0.9262322911542635,0.7197689969432816,0.09772428208668647,0.6371024376411937,0.8765734703363759,0.5984477268377232,0.8410902670488399,0.16017518715764284,0.0662619045763018,0.0748319147572287,0.2265427639693586,0.07791335569512817,0.2424370186201575,0.11814158933251653,0.059858249363284786,0.0412078957588061,0.1857492386569818,0.04382967131190521,0.19245350735312786
M2_0316,ALL_SCENES,5,2005445,0.8893451731819534,0.03715933448164026,0.8633258774085479,0.95055457512,0.8432131621880957,0.935477184175811,0.8330728712671304,0.049467063121540644,0.8001876997976362,0.9160358678692144,0.771661246662167,0.8944844958720938,0.8330728712671304,0.049467063121540644,0.8001876997976362,0.9160358678692144,0.771661246662167,0.8944844958720938,0.8612090222245419,0.04330145825607905,0.8317567886030921,0.9332952214946072,0.8074517799007732,0.9149662645483105,0.9392226371683525,0.017993966662975706,0.9273946968316298,0.9692676184001604,0.9168837584048042,0.9615615159319009,0.8568155000898322,0.0445067511548095,0.8272276390967801,0.9312398213916546,0.8015619288885234,0.912069071291141,0.05500110457349015,0.028048464029616714,0.0167074561904746,0.0819687161333352,0.02017991982879546,0.08982228931818484,0.05255043250523286,0.020512790005760916,0.0235607280544492,0.0745888879881639,0.02708452286877251,0.0780163421416932
M2_0323,20030709_qb,5,768261,0.978795237389517,0.01960217813950041,0.9447978679400384,0.9923205039756374,0.9544598204599759,1.0031306543190581,0.942645437506048,0.04786490898636203,0.8606179188535318,0.9778127878473672,0.8832228310901599,1.002068043921936,0.942645437506048,0.04786490898636203,0.8606179188535318,0.9778127878473672,0.8832228310901599,1.002068043921936,0.9607203374477826,0.03372691216144881,0.9027078933967853,0.9850666459115024,0.9188495584275188,1.0025911164680463,0.9820977043093846,0.008466483361599865,0.97037428785351,0.9924587625721042,0.9715868620414851,0.992608546577284,0.960084505494877,0.034391490825890825,0.901003452518622,0.984927396944614,0.9173886753621001,1.002780335627654,0.023152853977788455,0.006019044287143863,0.0168756259849903,0.0324573100185525,0.01568042151632366,0.03062528643925325,0.01300053955571876,0.006855221420163968,0.0065848171549028,0.0236009022708606,0.004490022499053401,0.021511056612384116
M2_0323,20160825_wv,5,541175,0.855084995941508,0.10723521824892293,0.6633349115331334,0.9067479905155316,0.7219562320334179,0.9882137598495981,0.8165780918867718,0.10252854715607639,0.6333818151728001,0.8681627283307191,0.6892924951297765,0.943863688643767,0.8165780918867718,0.10252854715607639,0.6333818151728001,0.8681627283307191,0.6892924951297765,0.943863688643767,0.8358315439141399,0.10487682992547548,0.6483583633529668,0.8874553594231254,0.7056306364271281,0.9660324514011518,0.9035950474792358,0.06187708137460242,0.7929956535158154,0.934127847926097,0.8267768202945873,0.9804132746638843,0.8220668949842173,0.13450190618507482,0.5815650253769018,0.8870349507904873,0.6550874939432654,0.9890462960251691,0.08347306401828664,0.029931589888827388,0.0645843465767115,0.1365098087212914,0.04631404453968823,0.12063208349688503,0.07136847838758446,0.033721953408517163,0.0497918280237692,0.1311065238970296,0.02950385548523693,0.113233101289932
M2_0323,20230812_pl,5,696009,0.9521640527841756,0.03825888979429449,0.8843830237124302,0.97684426428232,0.9046669824188488,0.9996611231495024,0.9373928160431113,0.04519658519147003,0.8574607770116047,0.96741296248277,0.8812828400701056,0.993502792016117,0.9373928160431113,0.04519658519147003,0.8574607770116047,0.96741296248277,0.8812828400701056,0.993502792016117,0.9447784344136435,0.04172694893853728,0.8709219003620174,0.972128613382545,0.8929758902070507,0.9965809786202363,0.97435550344875,0.018997127219409438,0.94059175135191,0.986039598443745,0.9507712360240869,0.9979397708734131,0.9440168793621078,0.04233559821034002,0.869065113406227,0.9717253404927482,0.891458718423141,0.9965750403010746,0.01622692135132342,0.012887703986484773,0.0072104666030064,0.0382992515236587,0.00022728868072627306,0.03222655402192057,0.0152053781807171,0.0076746685177135985,0.0102394939163385,0.0287891953051017,0.005677546281351262,0.02473321008008294
M2_0323,ALL_SCENES,5,2005445,0.9389335049713065,0.04019045433261515,0.8689760370837133,0.9627994970115282,0.8890384649501674,0.9888285449924455,0.8967736891086033,0.05904544368405904,0.7943780600783097,0.9326240410877812,0.8234708408426842,0.9700765373745225,0.8967736891086033,0.05904544368405904,0.7943780600783097,0.9326240410877812,0.8234708408426842,0.9700765373745225,0.917853597039955,0.049616154407068104,0.8316770485810114,0.9475605576275417,0.8562568808309845,0.9794503132489254,0.9560522920512631,0.021819741676416413,0.917681697745179,0.9697766365728632,0.9289638477359615,0.9831407363665646,0.9138775974255869,0.05486511895669783,0.8185228309120136,0.946718223190306,0.8457644757511331,0.9819907191000408,0.02573289333018906,0.0124098779798551,0.0161650060102059,0.0467238203987906,0.010326464894772232,0.04113932176560589,0.02951650325648414,0.01254460649513961,0.0195127418923097,0.0510174683711061,0.013942814092774078,0.0450901924201942
M2_1623,20030709_qb,5,768261,0.794859983401933,0.03181196295399998,0.7470839096156233,0.8240563456134737,0.7553665466867192,0.8343534201171467,0.6270151266803339,0.03508119029027993,0.5758107180771509,0.6611871346604531,0.5834630588426171,0.6705671945180507,0.6270151266803339,0.03508119029027993,0.5758107180771509,0.6611871346604531,0.5834630588426171,0.6705671945180507,0.7109375550411334,0.033436819601874314,0.6614473138463871,0.7426217401369635,0.6694269157632576,0.7524481943190092,0.8964970825455725,0.015452740137361594,0.8733073957217878,0.9118275001251052,0.8773130474209875,0.9156811176701575,0.7051057252400915,0.03350952130003723,0.6556283795712219,0.7379699669280904,0.6635048293527874,0.7467066211273956,0.13159099072609484,0.020584467589077896,0.1096486719645982,0.1627410874745439,0.10603609588288312,0.15714588556930656,0.09468040688767972,0.015094360344050829,0.0806111442396293,0.1190610792264863,0.0759412877120915,0.11341952606326794
M2_1623,20160825_wv,5,541175,0.953219092669347,0.005241826717760932,0.9468185539138044,0.9589202433841384,0.9467115485718842,0.9597266367668098,0.937501615066257,0.00713092313133731,0.9291427425218765,0.9452173620117564,0.9286488240009665,0.9463544061315474,0.937501615066257,0.00713092313133731,0.9291427425218765,0.9452173620117564,0.9286488240009665,0.9463544061315474,0.945360353867802,0.0061851620011891375,0.9379806482178404,0.9520688026979476,0.937681692088253,0.953039015647351,0.9691335021700758,0.0034484250446688825,0.9653299363414024,0.972810489447753,0.9648524033750809,0.9734146009650706,0.944882121888732,0.006400727262616958,0.9369772347359864,0.9518454100659504,0.9369358433945996,0.9528284003828644,0.03019065744853532,0.005182518851894283,0.0259081966354124,0.0391965629876198,0.02375674198727789,0.03662457290979275,0.02531075039566738,0.004026634301452832,0.0217058132160556,0.0317751620499429,0.02031182507975126,0.0303096757115835
M2_1623,20230812_pl,5,696009,0.9760394520852319,0.005721056596197303,0.9707758998587502,0.9852733419721932,0.968936960894959,0.9831419432755049,0.9667892622280366,0.007719305321774268,0.9596488101442892,0.9792595032023244,0.9572060153013464,0.9763725091547268,0.9667892622280366,0.007719305321774268,0.9596488101442892,0.9792595032023244,0.9572060153013464,0.9763725091547268,0.9714143571566343,0.006720153272215154,0.9652123550015196,0.9822664225872588,0.9630715224703077,0.9797571918429608,0.9868096435087619,0.0028339231230787654,0.983983126513868,0.9913155771499764,0.9832914273056647,0.9903278597118591,0.9711148409254358,0.006813475634637314,0.9647816498803978,0.9821079367935298,0.9626561497979408,0.9795735320529307,0.007076795901445161,0.0026437772982398525,0.002785952057481,0.0096302249454581,0.0037946390735834642,0.010358952729306857,0.01005967590539216,0.002494403709255627,0.0059490305718026,0.0118603244724188,0.006962961151381838,0.013156390659402481
M2_1623,ALL_SCENES,5,2005445,0.8907308870848205,0.01369030007994442,0.8702180079310619,0.9033617673378936,0.8737348595023231,0.9077269146673179,0.8325156013357662,0.017123694716228592,0.8075269554093567,0.8489740424135398,0.811257134683334,0.8537740679881983,0.8325156013357662,0.017123694716228592,0.8075269554093567,0.8489740424135398,0.811257134683334,0.8537740679881983,0.8616232442102932,0.0154034249206422,0.8388724816702093,0.8761380118011265,0.8425004321983285,0.880746056222258,0.9396634980267071,0.006719147776922452,0.9300302932440124,0.9464902752126518,0.931321911627535,0.9480050844258793,0.8569016145956789,0.01582188945822231,0.8338514210171312,0.8722342821142325,0.8372592935312115,0.8765439356601463,0.04592137529969326,0.008429983533560182,0.0357194334107981,0.0576197718224317,0.03545584628866154,0.056386904310724975,0.046592369468395865,0.005755145463955585,0.0415204108944945,0.0556279530973703,0.03944755814391895,0.053737180792872784
M3_031623,20030709_qb,5,768261,0.9834475742242429,0.006604349287648098,0.9727050890492568,0.9891147943566462,0.975248506124797,0.9916466423236888,0.9533195724250504,0.017898922551547316,0.9241205739412172,0.9689741741443164,0.9310986875936992,0.9755404572564016,0.9533195724250504,0.017898922551547316,0.9241205739412172,0.9689741741443164,0.9310986875936992,0.9755404572564016,0.9683835733246469,0.012251225886667098,0.948412831495237,0.9790444842504812,0.9531741059007564,0.9835930407485374,0.9866335811734256,0.005161259024817571,0.978216460972016,0.9919400163784924,0.9802260590421379,0.9930411033047133,0.9678057105507969,0.012743247499459535,0.9469363357031017,0.9788260198951118,0.9519854155443572,0.9836260055572366,0.01593405866258204,0.0037367102754145938,0.0121701182483275,0.0200077315769576,0.011295063860577239,0.02057305346458684,0.010810835531534179,0.0036325456057278256,0.0078127129877602,0.0170344412050592,0.006301157515047584,0.015320513548020774
M3_031623,20160825_wv,5,541175,0.955483320776256,0.004826211360570425,0.9492926075142883,0.961340989376923,0.9494917485737312,0.9614748929787807,0.9403976310910777,0.006820520185257263,0.9315574928020708,0.948570778870772,0.9319301944009621,0.9488650677811932,0.9403976310910777,0.006820520185257263,0.9315574928020708,0.948570778870772,0.9319301944009621,0.9488650677811932,0.9479404759336667,0.005823163493710868,0.9404250501581796,0.9549558841238476,0.9407112226098854,0.955169729257448,0.970403349099365,0.0034590142882996466,0.9658791227128098,0.9744869563880292,0.9661091041296498,0.9746975940690802,0.9476910886094053,0.00580883625105019,0.9402455638901792,0.9547521257075008,0.94047962205509,0.9549025551637207,0.03223737573624617,0.006744826072383978,0.0234621088211122,0.0409348705200281,0.02386391063351108,0.040610840838981255,0.02243179794505274,0.004695606623302944,0.01567053660649,0.0280446920076112,0.016602366944988164,0.028261228945117317
M3_031623,20230812_pl,5,696009,0.9796221610632315,0.005234932771151261,0.973924279371618,0.987581479804692,0.9731231755587905,0.9861211465676726,0.971503938046334,0.007189354847456946,0.9636093701804278,0.982423442759058,0.9625786060540321,0.9804292700386358,0.971503938046334,0.007189354847456946,0.9636093701804278,0.982423442759058,0.9625786060540321,0.9804292700386358,0.9755630495547827,0.006212097176145543,0.9687668247760228,0.9850024612818749,0.9678509486998427,0.9832751504097227,0.9882814349924403,0.0027603545477589237,0.9849677783770974,0.9923240973877367,0.9848545515963698,0.9917083183885107,0.9752793038905274,0.006334539374348277,0.9683068008335594,0.9848867168242004,0.9674151953392066,0.9831434124418482,0.00836270067686698,0.004108915994388187,0.0041909333619065,0.0146656979350396,0.003261625523876611,0.013463775829857349,0.00870325636255098,0.0026721047678149846,0.0057320539545383,0.0120905163717509,0.0053859319743414565,0.012020580750760504
M3_031623,ALL_SCENES,5,2005445,0.9754143341392453,0.0033481680550304337,0.971084710854782,0.9792872157374104,0.9712577008819876,0.979570967396503,0.9563630921955323,0.005666630089149206,0.9490743180875232,0.9631835941503732,0.9493281696056265,0.9633980147854381,0.9563630921955323,0.005666630089149206,0.9490743180875232,0.9631835941503732,0.9493281696056265,0.9633980147854381,0.965888713167389,0.004506698465307506,0.9600795144711528,0.9712354049438918,0.960293805022565,0.971483621312213,0.9816186343420068,0.0018112880157937967,0.9795311329803302,0.9844854092438295,0.9793699837721499,0.9838672849118637,0.9652883311920165,0.004720784666543476,0.95920226012136,0.9708036481213428,0.9594276425339832,0.9711490198500499,0.01142357074106706,0.0039685432272400095,0.005943381574938,0.0154087948826624,0.006496763457177452,0.016350378024956667,0.01321532942905374,0.0012917276551443675,0.0113556286456559,0.0145372431143946,0.011611694831732513,0.014818964026374967
