comparison,primary,competitor,scene_id,bootstrap_draws,random_seed,delta_min_iou_mean,delta_min_iou_median,delta_min_iou_ci95_low,delta_min_iou_ci95_high,prob_delta_min_iou_gt_0,delta_macro_iou_mean,delta_macro_iou_median,delta_macro_iou_ci95_low,delta_macro_iou_ci95_high,prob_delta_macro_iou_gt_0,delta_balanced_accuracy_mean,delta_balanced_accuracy_median,delta_balanced_accuracy_ci95_low,delta_balanced_accuracy_ci95_high,prob_delta_balanced_accuracy_gt_0,delta_mcc_mean,delta_mcc_median,delta_mcc_ci95_low,delta_mcc_ci95_high,prob_delta_mcc_gt_0
M3_031623_minus_M1_03,M3_031623,M1_03,20030709_qb,5000,20260703,-0.009738024842939843,-0.010669553857994063,-0.04033102555340269,0.024794326492646034,0.2626,-0.006466465246956263,-0.0071015586495653425,-0.026032382488251453,0.01587234893705802,0.2608,-0.0031321672521919053,-0.0032397288828832083,-0.00896450037365649,0.0031235277968646733,0.156,-0.006665999087576371,-0.0073033826709405615,-0.027202397501937894,0.016643913898589845,0.2622
M3_031623_minus_M1_03,M3_031623,M1_03,20160825_wv,5000,20260703,0.6707312328744102,0.6715391421969085,0.5685730052627985,0.7638478847118794,1.0,0.599349966530764,0.6007463572086755,0.5174572387173789,0.6759108233613252,1.0,0.4168827999851004,0.4179350880110728,0.35554560145803205,0.473445529679787,1.0,0.8356866479479715,0.8367403638670801,0.7012592841928247,0.9654661065641476,1.0
M3_031623_minus_M1_03,M3_031623,M1_03,20230812_pl,5000,20260703,0.6799766291085735,0.6812699663097186,0.6071135570768182,0.7493588385661698,1.0,0.6260284172151909,0.6263526789856722,0.5603558809117655,0.6873973974176505,1.0,0.4286199508544193,0.4282000643938767,0.3730801249086134,0.48553210667040775,1.0,0.8450652705850642,0.8435389409511913,0.7275104513348627,0.9666388496997326,1.0
M3_031623_minus_M1_03,M3_031623,M1_03,ALL_SCENES,5000,20260703,0.45667145778528045,0.45678660174134916,0.40440584616292297,0.5077168703321888,1.0,0.4280153152011864,0.42829327574650744,0.3784034860233124,0.4773405174491865,1.0,0.2504380601323245,0.2501443515296212,0.21695760682904436,0.28416435938321466,1.0,0.5184956002069224,0.5181531200106988,0.45181928230620955,0.5861856458859167,1.0
M3_031623_minus_M1_16,M3_031623,M1_16,20030709_qb,5000,20260703,0.39953346624268987,0.39856720606349855,0.3237089790153112,0.4808824936913929,1.0,0.3287427541252608,0.32823777120670905,0.27254143164807965,0.39000853514567074,1.0,0.12442995833418247,0.12402188696447108,0.09768220476059945,0.1538700164475563,1.0,0.3366004306464305,0.33595229858418446,0.2765745265542379,0.40085612536909904,1.0
M3_031623_minus_M1_16,M3_031623,M1_16,20160825_wv,5000,20260703,-0.000301155057971599,-0.0010439328480065235,-0.022342521431924053,0.02515502416117376,0.4616,-9.341306353382868e-05,-0.000698676207758564,-0.018003877966216934,0.021001456987373483,0.4724,-0.0010455316834773302,-0.0013301499670217319,-0.012105820774396743,0.011617906493386808,0.4082,0.0005583405701633621,-0.00012247270576447588,-0.01773718285349829,0.022245096503632992,0.4962
M3_031623_minus_M1_16,M3_031623,M1_16,20230812_pl,5000,20260703,0.07285586577945885,0.07173678228548341,0.04286439156444273,0.10889556933318327,1.0,0.06383884168460763,0.06305457237158188,0.037979705794336585,0.0940112442639231,1.0,0.028203891242663103,0.027695504964272498,0.016357868660926783,0.04238011092938455,1.0,0.06497276329882913,0.06404215412274766,0.0386339827822878,0.09571311208644213,1.0
M3_031623_minus_M1_16,M3_031623,M1_16,ALL_SCENES,5000,20260703,0.18015430957142245,0.17921474427088427,0.1484815259470772,0.21740203967043945,1.0,0.1558459957989632,0.15509043616637475,0.13057685010031145,0.18434610512294514,1.0,0.06486734066945883,0.06455564803990173,0.05447339928402987,0.07693190786497539,1.0,0.16124694809727722,0.16045449482712648,0.13580798190122864,0.19035234657474054,1.0
M3_031623_minus_M1_23,M3_031623,M1_23,20030709_qb,5000,20260703,0.1536892054136249,0.1518475527822854,0.10662548391547805,0.21338396658376832,1.0,0.10794603500320436,0.10717012297127865,0.07815354507925457,0.14364855530864032,1.0,0.04114815917212016,0.04069637368810296,0.028273728699174733,0.05717348051112711,1.0,0.11683055852895366,0.11573399967431804,0.08296823244682044,0.15883148660179974,1.0
M3_031623_minus_M1_23,M3_031623,M1_23,20160825_wv,5000,20260703,0.11628206699393331,0.1154765414349517,0.07851113399248984,0.1589613177175804,1.0,0.09534146736561686,0.09498327276312349,0.06575857477474088,0.12822174857553306,1.0,0.057950730143568545,0.05765882821806042,0.03892370575958714,0.07934693006265293,1.0,0.09628856067045967,0.09590936085770843,0.06597134124322097,0.13001010878369476,1.0
M3_031623_minus_M1_23,M3_031623,M1_23,20230812_pl,5000,20260703,-0.006783561729718167,-0.006392519399521035,-0.01601669698184387,4.048867925579924e-05,0.0258,-0.005702787701102445,-0.005437904398762161,-0.013215583573826847,1.5262573999598402e-05,0.0254,-0.0018705802474407226,-0.001759007130505319,-0.004997222512704604,0.0005772412899261585,0.074,-0.005818528642136296,-0.005533702570438902,-0.013527158731534216,-1.1091555775249174e-05,0.0244
M3_031623_minus_M1_23,M3_031623,M1_23,ALL_SCENES,5000,20260703,0.07870089346256909,0.07842816011635301,0.06284236002409067,0.09652791778367995,1.0,0.061805857281336606,0.06159550159784542,0.04992540497029937,0.07468502470148614,1.0,0.03386971679248305,0.033695100225443475,0.027025629653405197,0.041501240159515985,1.0,0.06636160612608875,0.06612101501308282,0.05326915779823923,0.08086744172825008,1.0
M3_031623_minus_M2_0316,M3_031623,M2_0316,20030709_qb,5000,20260703,0.011578715344611046,0.011102145789663153,-0.013499971490851446,0.039371100920501764,0.794,0.00776866234285502,0.007552916242723484,-0.008959189792308336,0.025627970665097824,0.7974,0.0025994975499485564,0.002502645050829799,-0.0026533535652777697,0.008259807985008546,0.8164,0.008099723396651859,0.007869649219049025,-0.009196586796597517,0.026882569613238257,0.7986
M3_031623_minus_M2_0316,M3_031623,M2_0316,20160825_wv,5000,20260703,0.012008452919434903,0.010173740288734735,-0.02334143810472375,0.057828713945423424,0.696,0.010736727631635643,0.009144600942821834,-0.0189125975245486,0.04957587713519209,0.712,0.0037200457617783344,0.003173070001369016,-0.012651158036476309,0.02236587386458662,0.6412,0.012675730151763931,0.010766276213660908,-0.018660943315001115,0.05516278076821787,0.7312
M3_031623_minus_M2_0316,M3_031623,M2_0316,20230812_pl,5000,20260703,0.27242417954424125,0.2722290750422076,0.17043274704690295,0.3775878304056999,1.0,0.2535937271824674,0.2532428186206463,0.15667014401411186,0.3530900008774722,1.0,0.12808793001153845,0.12781616607649254,0.07521399209636856,0.1820834380791564,1.0,0.2555212146476897,0.2552376190483972,0.15818878931691488,0.35517801364027,1.0
M3_031623_minus_M2_0316,M3_031623,M2_0316,ALL_SCENES,5000,20260703,0.12319541011388001,0.12292469820322155,0.07001939593768688,0.17879399682883348,1.0,0.10452548577000138,0.10418541305494888,0.05926295253309009,0.15109694145652067,1.0,0.042275864524516815,0.0419764323031311,0.023360306229179627,0.06184441145683838,1.0,0.10849145073593568,0.10811459150964203,0.061875260548851146,0.15702598181525415,1.0
M3_031623_minus_M2_0323,M3_031623,M2_0323,20030709_qb,5000,20260703,0.009235446115083349,0.004804462705285883,-0.022770652352973167,0.061939520367606804,0.609,0.006907490646347128,0.00395138027071289,-0.014374311485569204,0.04278068054093289,0.6194,0.004343112616228149,0.003934381923990505,-0.0032759729544480074,0.014077759120489974,0.8392,0.007083225980188406,0.003924581679151528,-0.014839847881800742,0.044497866465546626,0.6172
M3_031623_minus_M2_0323,M3_031623,M2_0323,20160825_wv,5000,20260703,0.13150506897199096,0.12572818898959331,0.058082522076545816,0.2430358652141437,1.0,0.11373293060416641,0.10902094671628851,0.048731043160095584,0.21784898847208833,1.0,0.06840194986354427,0.06519928801449734,0.02846291753429254,0.13181856703793005,1.0,0.12789742208951319,0.12154683859350959,0.04889447026641463,0.2638556372404629,1.0
M3_031623_minus_M2_0323,M3_031623,M2_0323,20230812_pl,5000,20260703,0.03563175242836927,0.030887953749068286,0.008910948248204313,0.08920541195542121,1.0,0.031203887060533328,0.027218368399746416,0.00768280944615565,0.07758236909657362,1.0,0.013940287284885852,0.012306245858009612,0.0033458387704619202,0.0352658215213856,1.0,0.03177752468603884,0.027719198660015786,0.00783510738322021,0.0794036463309034,1.0
M3_031623_minus_M2_0323,M3_031623,M2_0323,ALL_SCENES,5000,20260703,0.060156744769238504,0.05681781765633215,0.0231662661233051,0.11874066440248164,1.0,0.0483505098911383,0.045732857290755234,0.017850369419094514,0.09635127505026607,1.0,0.025762939017122385,0.02449153559072418,0.011378990691024821,0.04779093806073434,1.0,0.051822931505432504,0.04884966263146093,0.018404839743683524,0.10506458057767994,1.0
M3_031623_minus_M2_1623,M3_031623,M2_1623,20030709_qb,5000,20260703,0.332935710522969,0.33210603219138546,0.263956011863746,0.40554038188869906,1.0,0.2608699067476503,0.2605338816221362,0.21672733962408736,0.3063790043623324,1.0,0.0904745821192022,0.09000572796285453,0.07447926573566153,0.10840379285149032,1.0,0.26875865691615747,0.26833728075938856,0.22079031672054342,0.3205304650165509,1.0
M3_031623_minus_M2_1623,M3_031623,M2_1623,20160825_wv,5000,20260703,0.0031727632436074067,0.003196630969282832,-0.010227485535988214,0.01687303639414188,0.6836,0.0027048355554133833,0.002648846847511344,-0.007987723097807544,0.013838773256452967,0.689,0.0013414950289677458,0.0013692961274096803,-0.0051198744283512945,0.007788883466521972,0.6672,0.0029525981587145175,0.002876397493257432,-0.00795887752856118,0.014668472417292513,0.6968
M3_031623_minus_M2_1623,M3_031623,M2_1623,20230812_pl,5000,20260703,0.00506132276509335,0.004606013217026106,-0.005044939929603443,0.01765968969459237,0.8116,0.004392084344404853,0.00403718125050444,-0.004117396935698798,0.014579980283785732,0.82,0.0014926408721705144,0.00130640043966318,-0.0021904706127007082,0.005955271375513267,0.7546,0.004411438018897488,0.004031821981421313,-0.004244827267835116,0.014791348830806319,0.8156
M3_031623_minus_M2_1623,M3_031623,M2_1623,ALL_SCENES,5000,20260703,0.12508495515184936,0.12468798023065292,0.10047232508619083,0.1520306298029008,1.0,0.10481623709738128,0.10453458860410464,0.0863909900728635,0.12503961545714376,1.0,0.04191562582678008,0.04173939702230675,0.03447189415922088,0.05017294159956223,1.0,0.1091476886701761,0.1088407956300306,0.08990443203328514,0.1303045830458404,1.0
