scene_id,scene,bin,bin_low,bin_high,n_pixels,mean_probability,observed_vegetation_fraction
20030709_qb,2003 QuickBird,1,0.0,0.06666666666666667,164632,0.01166306178096888,0.00015792798483891344
20030709_qb,2003 QuickBird,2,0.06666666666666667,0.13333333333333333,11732,0.09441521628786792,0.004176610978520286
20030709_qb,2003 QuickBird,3,0.13333333333333333,0.2,5643,0.16367954871300874,0.02427786638312954
20030709_qb,2003 QuickBird,4,0.2,0.26666666666666666,3475,0.23028107429151054,0.04143884892086331
20030709_qb,2003 QuickBird,5,0.26666666666666666,0.3333333333333333,2563,0.2986222042081136,0.07296137339055794
20030709_qb,2003 QuickBird,6,0.3333333333333333,0.4,2020,0.36674888570709985,0.14158415841584157
20030709_qb,2003 QuickBird,7,0.4,0.4666666666666667,1770,0.43259057756197655,0.22994350282485876
20030709_qb,2003 QuickBird,8,0.4666666666666667,0.5333333333333333,1840,0.4995867196632468,0.34891304347826085
20030709_qb,2003 QuickBird,9,0.5333333333333333,0.6,2058,0.5668949386352932,0.5145772594752187
20030709_qb,2003 QuickBird,10,0.6,0.6666666666666666,2636,0.6333876246747551,0.6942336874051593
20030709_qb,2003 QuickBird,11,0.6666666666666666,0.7333333333333333,2985,0.7000440535832889,0.766499162479062
20030709_qb,2003 QuickBird,12,0.7333333333333333,0.8,4014,0.7686766014653886,0.8584952665670155
20030709_qb,2003 QuickBird,13,0.8,0.8666666666666667,5903,0.8356534977817907,0.9093681179061495
20030709_qb,2003 QuickBird,14,0.8666666666666667,0.9333333333333333,11774,0.9057779887829407,0.9531170375403432
20030709_qb,2003 QuickBird,15,0.9333333333333333,1.0,545216,0.9942027632560752,0.9990499178307313
20160825_wv,2016 WorldView-2,1,0.0,0.06666666666666667,196550,0.008919271041477515,7.631645891630629e-05
20160825_wv,2016 WorldView-2,2,0.06666666666666667,0.13333333333333333,9817,0.09546453711049577,0.0013242334725476214
20160825_wv,2016 WorldView-2,3,0.13333333333333333,0.2,5207,0.16381399582735928,0.0042250816208949495
20160825_wv,2016 WorldView-2,4,0.2,0.26666666666666666,3584,0.23213163915040372,0.010881696428571428
20160825_wv,2016 WorldView-2,5,0.26666666666666666,0.3333333333333333,2939,0.2988859305741958,0.006805035726437564
20160825_wv,2016 WorldView-2,6,0.3333333333333333,0.4,2471,0.36524205021364203,0.010117361392148928
20160825_wv,2016 WorldView-2,7,0.4,0.4666666666666667,2227,0.43265382630385035,0.014369106421194431
20160825_wv,2016 WorldView-2,8,0.4666666666666667,0.5333333333333333,1994,0.5003511960671443,0.014042126379137413
20160825_wv,2016 WorldView-2,9,0.5333333333333333,0.6,1890,0.5667506418530903,0.020634920634920634
20160825_wv,2016 WorldView-2,10,0.6,0.6666666666666666,1944,0.6330259730234559,0.02417695473251029
20160825_wv,2016 WorldView-2,11,0.6666666666666666,0.7333333333333333,1907,0.7014095460362126,0.041426324069218666
20160825_wv,2016 WorldView-2,12,0.7333333333333333,0.8,1948,0.7659861497137336,0.07648870636550308
20160825_wv,2016 WorldView-2,13,0.8,0.8666666666666667,1942,0.8342118936635929,0.14263645726055613
20160825_wv,2016 WorldView-2,14,0.8666666666666667,0.9333333333333333,2702,0.9033699295284305,0.3378978534418949
20160825_wv,2016 WorldView-2,15,0.9333333333333333,1.0,304053,0.9966473290815677,0.9951126941684509
20230812_pl,2023 Pleiades,1,0.0,0.06666666666666667,278279,0.006115437890403853,1.4374063439928993e-05
20230812_pl,2023 Pleiades,2,0.06666666666666667,0.13333333333333333,2996,0.09318329401821575,0.011014686248331108
20230812_pl,2023 Pleiades,3,0.13333333333333333,0.2,1166,0.1637377566937517,0.06689536878216124
20230812_pl,2023 Pleiades,4,0.2,0.26666666666666666,761,0.23267828396052787,0.19579500657030224
20230812_pl,2023 Pleiades,5,0.26666666666666666,0.3333333333333333,701,0.2995395725446829,0.26105563480741795
20230812_pl,2023 Pleiades,6,0.3333333333333333,0.4,718,0.3669513545328528,0.39415041782729804
20230812_pl,2023 Pleiades,7,0.4,0.4666666666666667,690,0.4332656827957734,0.46956521739130436
20230812_pl,2023 Pleiades,8,0.4666666666666667,0.5333333333333333,762,0.5002940742988286,0.55249343832021
20230812_pl,2023 Pleiades,9,0.5333333333333333,0.6,875,0.5668597062655858,0.6148571428571429
20230812_pl,2023 Pleiades,10,0.6,0.6666666666666666,1011,0.6350512447979755,0.6913946587537092
20230812_pl,2023 Pleiades,11,0.6666666666666666,0.7333333333333333,1401,0.7019656626009073,0.76802284082798
20230812_pl,2023 Pleiades,12,0.7333333333333333,0.8,2061,0.7697732113681333,0.8384279475982532
20230812_pl,2023 Pleiades,13,0.8,0.8666666666666667,3064,0.8353691722215312,0.8694516971279374
20230812_pl,2023 Pleiades,14,0.8666666666666667,0.9333333333333333,5763,0.9056274878591914,0.9082075307999306
20230812_pl,2023 Pleiades,15,0.9333333333333333,1.0,395761,0.995417305183421,0.9971599020621031
ALL_SCENES,Pooled,1,0.0,0.06666666666666667,639461,0.008405506905081886,7.037176622186498e-05
ALL_SCENES,Pooled,2,0.06666666666666667,0.13333333333333333,24545,0.09468453156168578,0.0038704420452230597
ALL_SCENES,Pooled,3,0.13333333333333333,0.2,12016,0.16374345821949757,0.0197237017310253
ALL_SCENES,Pooled,4,0.2,0.26666666666666666,7820,0.231362493858313,0.04245524296675192
ALL_SCENES,Pooled,5,0.26666666666666666,0.3333333333333333,6203,0.29885083019454767,0.06287280348218603
ALL_SCENES,Pooled,6,0.3333333333333333,0.4,5209,0.3660619941948242,0.11403340372432329
ALL_SCENES,Pooled,7,0.4,0.4666666666666667,4687,0.432720015914755,0.16279069767441862
ALL_SCENES,Pooled,8,0.4666666666666667,0.5333333333333333,4596,0.5000356687889398,0.23738033072236728
ALL_SCENES,Pooled,9,0.5333333333333333,0.6,4823,0.5668320007870955,0.3392079618494713
ALL_SCENES,Pooled,10,0.6,0.6666666666666666,5591,0.6335627041121455,0.46074047576462174
ALL_SCENES,Pooled,11,0.6666666666666666,0.7333333333333333,6293,0.7008856503322813,0.5471158430001589
ALL_SCENES,Pooled,12,0.7333333333333333,0.8,8023,0.7683050587752893,0.6634675308488097
ALL_SCENES,Pooled,13,0.8,0.8666666666666667,10909,0.8353170078455752,0.7616646805390045
ALL_SCENES,Pooled,14,0.8666666666666667,0.9333333333333333,20239,0.9054136470205387,0.8581945748307722
ALL_SCENES,Pooled,15,0.9333333333333333,1.0,1245030,0.9951858286445773,0.9974876107403035
