scene_id,scene,metric,bootstrap_draws,bootstrap_seed,ci95_low,ci95_high
20030709_qb,2003 QuickBird,ece_15,5000,20260716,0.010165963291361697,0.020848414777289298
20030709_qb,2003 QuickBird,brier,5000,20260716,0.0041190290570067975,0.012727302539663924
20030709_qb,2003 QuickBird,nll,5000,20260716,0.021310119025646078,0.049396588589951496
20030709_qb,2003 QuickBird,mean_probability,5000,20260716,0.5956021681715656,0.8692773574511942
20030709_qb,2003 QuickBird,prevalence,5000,20260716,0.5834699013518637,0.8748778820646956
20160825_wv,2016 WorldView-2,ece_15,5000,20260716,0.014137545636142279,0.052635048761330995
20160825_wv,2016 WorldView-2,brier,5000,20260716,0.007071593333164509,0.03163032134080979
20160825_wv,2016 WorldView-2,nll,5000,20260716,0.027657886238250922,0.10037020208268055
20160825_wv,2016 WorldView-2,mean_probability,5000,20260716,0.419626841239075,0.7523533021640837
20160825_wv,2016 WorldView-2,prevalence,5000,20260716,0.3857286155063832,0.7287922975234591
20230812_pl,2023 Pleiades,ece_15,5000,20260716,0.0037357453922968464,0.010518726616517812
20230812_pl,2023 Pleiades,brier,5000,20260716,0.0022730356937277277,0.01004585105059923
20230812_pl,2023 Pleiades,nll,5000,20260716,0.013529309819197687,0.039065510691163235
20230812_pl,2023 Pleiades,mean_probability,5000,20260716,0.4548862854087015,0.7205935320476244
20230812_pl,2023 Pleiades,prevalence,5000,20260716,0.45282124023981324,0.7201216587759856
ALL_SCENES,Pooled,ece_15,5000,20260716,0.007914499537713336,0.01898758425731821
ALL_SCENES,Pooled,brier,5000,20260716,0.0061226366692888265,0.013973811520681232
ALL_SCENES,Pooled,nll,5000,20260716,0.026350956712562296,0.05018333374904678
ALL_SCENES,Pooled,mean_probability,5000,20260716,0.5595883478692588,0.7340859732710763
ALL_SCENES,Pooled,prevalence,5000,20260716,0.5465933113139259,0.7268484761000049
