scenario,scenario_group,shift_m,direction,shift_dy_m,shift_dx_m,verified_shift_magnitude_m,primary_scenario,n_retained_vegetated_endpoint,n_retained_bare_endpoint,n_homogenized_vegetated,n_homogenized_bare,n_unclassified,n_retained
shift_0m,zero,0.0,NONE,0.0,0.0,0.0,1,247,439,138,110,77,686
shift_1m_E,primary,1.0,E,0.0,1.0,1.0,1,236,435,148,111,81,671
shift_1m_W,primary,1.0,W,0.0,-1.0,1.0,1,239,429,143,118,82,668
shift_1m_S,primary,1.0,S,1.0,0.0,1.0,1,232,415,160,125,79,647
shift_1m_N,primary,1.0,N,-1.0,0.0,1.0,1,243,445,143,109,71,688
shift_1m_SE,primary,1.0,SE,0.7071067811865475,0.7071067811865475,0.9999999999999999,1,236,414,160,124,77,650
shift_1m_SW,primary,1.0,SW,0.7071067811865475,-0.7071067811865475,0.9999999999999999,1,233,406,159,128,85,639
shift_1m_NE,primary,1.0,NE,-0.7071067811865475,0.7071067811865475,0.9999999999999999,1,243,439,143,111,75,682
shift_1m_NW,primary,1.0,NW,-0.7071067811865475,-0.7071067811865475,0.9999999999999999,1,245,437,143,114,72,682
shift_2m_E,primary,2.0,E,0.0,2.0,2.0,1,234,437,156,106,78,671
shift_2m_W,primary,2.0,W,0.0,-2.0,2.0,1,245,424,140,118,84,669
shift_2m_S,primary,2.0,S,2.0,0.0,2.0,1,222,386,173,143,87,608
shift_2m_N,primary,2.0,N,-2.0,0.0,2.0,1,256,454,132,101,68,710
shift_2m_SE,primary,2.0,SE,1.414213562373095,1.414213562373095,1.9999999999999998,1,220,400,168,130,93,620
shift_2m_SW,primary,2.0,SW,1.414213562373095,-1.414213562373095,1.9999999999999998,1,236,386,168,135,86,622
shift_2m_NE,primary,2.0,NE,-1.414213562373095,1.414213562373095,1.9999999999999998,1,244,435,145,111,76,679
shift_2m_NW,primary,2.0,NW,-1.414213562373095,-1.414213562373095,1.9999999999999998,1,254,445,139,100,73,699
shift_4m_E,stress,4.0,E,0.0,4.0,4.0,0,216,395,171,121,108,611
shift_4m_W,stress,4.0,W,0.0,-4.0,4.0,0,240,372,171,145,83,612
shift_4m_S,stress,4.0,S,4.0,0.0,4.0,0,196,291,231,188,105,487
shift_4m_N,stress,4.0,N,-4.0,0.0,4.0,0,234,424,147,111,95,658
shift_4m_SE,stress,4.0,SE,2.82842712474619,2.82842712474619,3.9999999999999996,0,199,345,208,151,108,544
shift_4m_SW,stress,4.0,SW,2.82842712474619,-2.82842712474619,3.9999999999999996,0,197,302,220,191,101,499
shift_4m_NE,stress,4.0,NE,-2.82842712474619,2.82842712474619,3.9999999999999996,0,234,400,173,115,89,634
shift_4m_NW,stress,4.0,NW,-2.82842712474619,-2.82842712474619,3.9999999999999996,0,235,433,159,106,78,668
