shift_m,dy_px,dx_px,n_usable,n_degraded,n_stable,n_regreened,n_gold,area_ha_gold_sampled,median_pveg_2003,median_pveg_2023,median_delta
0,0,0,1017,631,299,87,499,9.3588,0.96647,0.27974,-0.41382
4,2,0,1017,615,328,74,500,9.2888,0.97418,0.34107,-0.43609
4,-2,0,1017,578,365,74,453,8.6756,0.97529,0.52162,-0.28975
4,0,2,1017,619,336,62,491,9.098,0.97246,0.38692,-0.38293
4,0,-2,1017,592,350,75,470,8.7288,0.97178,0.42143,-0.33758
4,2,2,1017,620,331,66,498,9.204,0.97699,0.35509,-0.42001
4,2,-2,1017,574,379,64,456,8.6232,0.98083,0.51104,-0.31326
4,-2,2,1017,554,402,61,420,7.7068,0.9809,0.64155,-0.23204
4,-2,-2,1017,557,384,76,425,8.3692,0.97817,0.60361,-0.24673
8,4,0,1017,529,426,62,427,8.2068,0.9861,0.65735,-0.20452
8,-4,0,1017,482,476,59,363,6.7876,0.98648,0.82256,-0.10591
8,0,4,1017,556,409,52,434,8.132,0.98343,0.63903,-0.25218
8,0,-4,1017,517,434,66,421,8.1216,0.98345,0.70876,-0.17081
8,4,4,1017,519,456,42,418,8.0096,0.98886,0.72584,-0.17852
8,4,-4,1017,437,518,62,345,6.8072,0.99052,0.91276,-0.04745
8,-4,4,1017,435,532,50,344,6.5964,0.99052,0.919,-0.04998
8,-4,-4,1017,461,497,59,372,7.4084,0.98842,0.86601,-0.08002
12,6,0,1017,453,516,48,347,6.7784,0.99143,0.89611,-0.05932
12,-6,0,1017,415,547,55,323,6.1036,0.99131,0.93382,-0.03521
12,0,6,1017,483,495,39,376,7.0308,0.98923,0.8488,-0.10281
12,0,-6,1017,453,503,61,356,7.0288,0.98952,0.85882,-0.08023
12,6,6,1017,462,516,39,363,7.0964,0.99183,0.89312,-0.07657
12,6,-6,1017,384,579,54,297,5.756,0.99306,0.96637,-0.01152
12,-6,6,1017,409,567,41,317,6.166,0.99248,0.95392,-0.02582
12,-6,-6,1016,429,533,54,344,6.9372,0.99104,0.92056,-0.04119
