collapse_ratio,min_collapsed_signals,n_persistent_living,n_degraded_bare,n_disappeared_overgrown,n_disappeared_bare,n_intermediate,area_ha_persistent_living,area_ha_degraded_bare,area_ha_disappeared_overgrown,area_ha_disappeared_bare,area_ha_intermediate,n_disappeared_total,area_ha_disappeared_total
0.5,1,208,369,204,172,64,3.5568,7.2612,2.7812,2.9188,1.2032,376,5.7
0.5,2,267,458,109,78,105,4.2348,8.832,1.5144,1.2616,1.8784,187,2.776
0.5,3,298,527,19,8,165,4.5448,9.9452,0.242,0.1312,2.858,27,0.3732
0.6,1,179,321,242,223,52,3.1096,6.4308,3.3268,3.8744,0.9796,465,7.2012
0.6,2,245,430,146,107,89,3.9048,8.2316,2.1128,1.876,1.596,253,3.9888
0.6,3,292,518,41,17,149,4.4616,9.8396,0.5416,0.2368,2.6416,58,0.7784
0.7,1,151,273,274,271,48,2.6968,5.2856,3.7972,5.0196,0.922,545,8.8168
0.7,2,224,393,172,147,81,3.5852,7.3824,2.5076,2.8788,1.3672,319,5.3864
0.7,3,283,507,60,29,138,4.3968,9.688,0.7788,0.4024,2.4552,89,1.1812
